{
  "containerDefinitions": [
    {
      "name": "ecogrid-container",
      "image": "442042546183.dkr.ecr.us-east-1.amazonaws.com/ecogrid-app:dfa8bae41acbd9f073501f99e798324f96296fa6",
      "cpu": 0,
      "portMappings": [
        {
          "containerPort": 5000,
          "hostPort": 5000,
          "protocol": "tcp"
        }
      ],
      "essential": true,
      "environment": [
        {
          "name": "COGNITO_CLIENT_SECRET",
          "value": "b8j29l10koohs94feon2rtn7092m35pvs2evqr9unisso5lvgk1"
        },
        {
          "name": "DB_USER",
          "value": "admin"
        },
        {
          "name": "COGNITO_REGION",
          "value": "us-east-1"
        },
        {
          "name": "DB_NAME",
          "value": "ecogrid"
        },
        {
          "name": "DB_HOST",
          "value": "ecogrid-aurora-standard.cluster-ckbygg2eq2ic.us-east-1.rds.amazonaws.com"
        },
        {
          "name": "COGNITO_USER_POOL_ID",
          "value": "us-east-1_72Z74NWLb"
        },
        {
          "name": "COGNITO_CLIENT_ID",
          "value": "2no7600re6tbrg5j384hssnbeh"
        },
        {
          "name": "DB_PASSWORD",
          "value": "EcoGrid2025!"
        }
      ],
      "mountPoints": [],
      "volumesFrom": [],
      "logConfiguration": {
        "logDriver": "awslogs",
        "options": {
          "awslogs-group": "/ecs/ecogrid-app-bg",
          "awslogs-region": "us-east-1",
          "awslogs-stream-prefix": "ecs"
        }
      },
      "healthCheck": {
        "command": [
          "CMD-SHELL",
          "python -c \"import urllib.request; urllib.request.urlopen(\\\"http://localhost:5000/health\\\")\" || exit 1"
        ],
        "interval": 30,
        "timeout": 5,
        "retries": 3,
        "startPeriod": 60
      },
      "systemControls": []
    }
  ],
  "family": "ecogrid-app-bg",
  "taskRoleArn": "arn:aws:iam::442042546183:role/ecsTaskRole",
  "executionRoleArn": "arn:aws:iam::442042546183:role/ecsTaskExecutionRole",
  "networkMode": "awsvpc",
  "volumes": [],
  "placementConstraints": [],
  "requiresCompatibilities": [
    "FARGATE"
  ],
  "cpu": "256",
  "memory": "512"
}
