{
  "CallerReference": "ecogrid-2025-10-10",
  "Comment": "EcoGrid Dynamics - Global CDN with caching and invalidation",
  "DefaultRootObject": "",
  "Origins": {
    "Quantity": 1,
    "Items": [
      {
        "Id": "ecogrid-alb-origin",
        "DomainName": "ecogrid-alb-492743554.us-east-1.elb.amazonaws.com",
        "CustomOriginConfig": {
          "HTTPPort": 80,
          "HTTPSPort": 443,
          "OriginProtocolPolicy": "http-only",
          "OriginSslProtocols": {
            "Quantity": 1,
            "Items": ["TLSv1.2"]
          },
          "OriginReadTimeout": 30,
          "OriginKeepaliveTimeout": 5
        }
      }
    ]
  },
  "DefaultCacheBehavior": {
    "TargetOriginId": "ecogrid-alb-origin",
    "ViewerProtocolPolicy": "redirect-to-https",
    "TrustedSigners": {
      "Enabled": false,
      "Quantity": 0
    },
    "ForwardedValues": {
      "QueryString": true,
      "Cookies": {
        "Forward": "none"
      },
      "Headers": {
        "Quantity": 3,
        "Items": ["Host", "CloudFront-Forwarded-Proto", "User-Agent"]
      }
    },
    "MinTTL": 0,
    "DefaultTTL": 300,
    "MaxTTL": 86400,
    "Compress": true,
    "AllowedMethods": {
      "Quantity": 7,
      "Items": ["GET", "HEAD", "OPTIONS", "PUT", "POST", "PATCH", "DELETE"],
      "CachedMethods": {
        "Quantity": 2,
        "Items": ["GET", "HEAD"]
      }
    }
  },
  "CacheBehaviors": {
    "Quantity": 3,
    "Items": [
      {
        "PathPattern": "/static/*",
        "TargetOriginId": "ecogrid-alb-origin",
        "ViewerProtocolPolicy": "redirect-to-https",
        "TrustedSigners": {
          "Enabled": false,
          "Quantity": 0
        },
        "ForwardedValues": {
          "QueryString": false,
          "Cookies": {
            "Forward": "none"
          }
        },
        "MinTTL": 0,
        "DefaultTTL": 86400,
        "MaxTTL": 31536000,
        "Compress": true,
        "AllowedMethods": {
          "Quantity": 2,
          "Items": ["GET", "HEAD"],
          "CachedMethods": {
            "Quantity": 2,
            "Items": ["GET", "HEAD"]
          }
        }
      },
      {
        "PathPattern": "/health",
        "TargetOriginId": "ecogrid-alb-origin",
        "ViewerProtocolPolicy": "redirect-to-https",
        "TrustedSigners": {
          "Enabled": false,
          "Quantity": 0
        },
        "ForwardedValues": {
          "QueryString": false,
          "Cookies": {
            "Forward": "none"
          }
        },
        "MinTTL": 0,
        "DefaultTTL": 0,
        "MaxTTL": 0,
        "Compress": false,
        "AllowedMethods": {
          "Quantity": 2,
          "Items": ["GET", "HEAD"],
          "CachedMethods": {
            "Quantity": 2,
            "Items": ["GET", "HEAD"]
          }
        }
      },
      {
        "PathPattern": "/api/*",
        "TargetOriginId": "ecogrid-alb-origin",
        "ViewerProtocolPolicy": "redirect-to-https",
        "TrustedSigners": {
          "Enabled": false,
          "Quantity": 0
        },
        "ForwardedValues": {
          "QueryString": true,
          "Cookies": {
            "Forward": "all"
          },
          "Headers": {
            "Quantity": 4,
            "Items": ["Host", "CloudFront-Forwarded-Proto", "User-Agent", "Authorization"]
          }
        },
        "MinTTL": 0,
        "DefaultTTL": 0,
        "MaxTTL": 0,
        "Compress": false,
        "AllowedMethods": {
          "Quantity": 7,
          "Items": ["GET", "HEAD", "OPTIONS", "PUT", "POST", "PATCH", "DELETE"],
          "CachedMethods": {
            "Quantity": 2,
            "Items": ["GET", "HEAD"]
          }
        }
      }
    ]
  },
  "Enabled": true,
  "PriceClass": "PriceClass_100"
}
