{
  "primary_instance": {
    "DBInstanceIdentifier": "ecogrid-aurora-primary",
    "DBClusterIdentifier": "ecogrid-aurora-cluster",
    "DBInstanceClass": "db.t3.small",
    "Engine": "aurora-mysql",
    "PubliclyAccessible": true,
    "AutoMinorVersionUpgrade": true,
    "PerformanceInsightsEnabled": false,
    "MonitoringInterval": 0
  },
  "replica_instance": {
    "DBInstanceIdentifier": "ecogrid-aurora-replica",
    "DBClusterIdentifier": "ecogrid-aurora-cluster", 
    "DBInstanceClass": "db.t3.small",
    "Engine": "aurora-mysql",
    "PubliclyAccessible": false,
    "AutoMinorVersionUpgrade": true,
    "PerformanceInsightsEnabled": false,
    "MonitoringInterval": 0
  }
}
