{
  "family": "ecogrid-task",
  "networkMode": "awsvpc",
  "requiresCompatibilities": ["FARGATE"],
  "cpu": "256",
  "memory": "512",
  "executionRoleArn": "arn:aws:iam::442042546183:role/ecsTaskExecutionRole",
  "taskRoleArn": "arn:aws:iam::442042546183:role/ecsTaskRole",
  "containerDefinitions": [
    {
      "name": "ecogrid-container",
      "image": "442042546183.dkr.ecr.us-east-1.amazonaws.com/ecogrid-repo:latest",
      "portMappings": [
        {
          "containerPort": 5000,
          "protocol": "tcp"
        }
      ],
      "environment": [
        {
          "name": "DB_HOST",
          "value": "ecogrid-aurora-cluster.cluster-ckbygg2eq2ic.us-east-1.rds.amazonaws.com"
        },
        {
          "name": "DB_USER",
          "value": "admin"
        },
        {
          "name": "DB_PASSWORD",
          "value": "EcoGrid2025!"
        },
        {
          "name": "DB_NAME",
          "value": "ecogrid"
        }
      ],
      "logConfiguration": {
        "logDriver": "awslogs",
        "options": {
          "awslogs-group": "/ecs/ecogrid-task",
          "awslogs-region": "us-east-1",
          "awslogs-stream-prefix": "ecs"
        }
      },
      "essential": true
    }
  ]
}
