{
    "taskDefinitionArn": "arn:aws:ecs:us-east-1:442042546183:task-definition/ecogrid-app-bg:11",
    "containerDefinitions": [
        {
            "name": "ecogrid-container",
            "image": "442042546183.dkr.ecr.us-east-1.amazonaws.com/ecogrid-app:latest",
            "cpu": 0,
            "portMappings": [
                {
                    "containerPort": 5000,
                    "hostPort": 5000,
                    "protocol": "tcp"
                }
            ],
            "essential": true,
            "environment": [
                {
                    "name": "COGNITO_CLIENT_SECRET",
                    "value": "b8j29l10koohs94feon2rtn7092m35pvs2evqr9unisso5lvgk1"
                },
                {
                    "name": "DB_USER",
                    "value": "admin"
                },
                {
                    "name": "COGNITO_REGION",
                    "value": "us-east-1"
                },
                {
                    "name": "DB_NAME",
                    "value": "ecogrid"
                },
                {
                    "name": "DB_HOST",
                    "value": "ecogrid-aurora-standard.cluster-ckbygg2eq2ic.us-east-1.rds.amazonaws.com"
                },
                {
                    "name": "COGNITO_USER_POOL_ID",
                    "value": "us-east-1_72Z74NWLb"
                },
                {
                    "name": "COGNITO_CLIENT_ID",
                    "value": "2no7600re6tbrg5j384hssnbeh"
                },
                {
                    "name": "DB_PASSWORD",
                    "value": "EcoGrid2025!"
                }
            ],
            "mountPoints": [],
            "volumesFrom": [],
            "logConfiguration": {
                "logDriver": "awslogs",
                "options": {
                    "awslogs-group": "/ecs/ecogrid-app-bg",
                    "awslogs-region": "us-east-1",
                    "awslogs-stream-prefix": "ecs"
                }
            },
            "healthCheck": {
                "command": [
                    "CMD-SHELL",
                    "curl -f http://localhost:5000/health || exit 1"
                ],
                "interval": 30,
                "timeout": 5,
                "retries": 3,
                "startPeriod": 60
            },
            "systemControls": []
        }
    ],
    "family": "ecogrid-app-bg",
    "taskRoleArn": "arn:aws:iam::442042546183:role/ecsTaskRole",
    "executionRoleArn": "arn:aws:iam::442042546183:role/ecsTaskExecutionRole",
    "networkMode": "awsvpc",
    "revision": 11,
    "volumes": [],
    "status": "ACTIVE",
    "requiresAttributes": [
        {
            "name": "com.amazonaws.ecs.capability.logging-driver.awslogs"
        },
        {
            "name": "ecs.capability.execution-role-awslogs"
        },
        {
            "name": "com.amazonaws.ecs.capability.ecr-auth"
        },
        {
            "name": "com.amazonaws.ecs.capability.docker-remote-api.1.19"
        },
        {
            "name": "com.amazonaws.ecs.capability.task-iam-role"
        },
        {
            "name": "ecs.capability.container-health-check"
        },
        {
            "name": "ecs.capability.execution-role-ecr-pull"
        },
        {
            "name": "com.amazonaws.ecs.capability.docker-remote-api.1.18"
        },
        {
            "name": "ecs.capability.task-eni"
        },
        {
            "name": "com.amazonaws.ecs.capability.docker-remote-api.1.29"
        }
    ],
    "placementConstraints": [],
    "compatibilities": [
        "EC2",
        "FARGATE",
        "MANAGED_INSTANCES"
    ],
    "requiresCompatibilities": [
        "FARGATE"
    ],
    "cpu": "256",
    "memory": "512",
    "registeredAt": "2025-10-14T10:05:26.651000-05:00",
    "registeredBy": "arn:aws:sts::442042546183:assumed-role/CodeBuildServiceRole/AWSCodeBuild-d560f836-6452-4796-8759-a7e06f7e64be"
}
